{
    "name": "DAMM result",
    "K": 4,
    "M": 7,
    "Priors": [
        0.275,
        0.1785,
        0.1585,
        0.388
    ],
    "Mu": [
        0.4834112501894446,
        -0.2013201956811623,
        0.24688101634346532,
        0.7436984232104192,
        -0.039234355398254546,
        -0.018400093007832033,
        0.667109254356528,
        0.4887668208135871,
        -0.2799695751338534,
        0.4223214093696356,
        0.8894137232829825,
        -0.0710086803487298,
        -0.005871642671817206,
        0.45151580256217916,
        0.4618046913544392,
        -0.41823056772284617,
        0.5200639764785877,
        0.9594083594102228,
        -0.04891431543518615,
        -0.006628037923689833,
        0.27766717262322166,
        0.42185434586308285,
        -0.5550290491968597,
        0.5359745170086837,
        0.9955197377160786,
        0.0005771176199076583,
        0.036087282946700466,
        0.08739466094955513
    ],
    "Sigma": [
        0.00010645688817115064,
        2.6670612373448578e-05,
        0.0002612592745652209,
        0.0004235929150677161,
        -0.00039849734211679273,
        4.110113545445194e-05,
        -0.0004945275492662158,
        2.6670612373448578e-05,
        0.0002484862211893884,
        -0.0006804436896719804,
        -0.0001728106366739828,
        -0.0002261311612819797,
        -0.0001837997464956131,
        0.00017428173042192716,
        0.0002612592745652209,
        -0.0006804436896719804,
        0.003236634948993889,
        0.0019907351421130383,
        -0.0006313476458564559,
        0.0008019110437664539,
        -0.0022342994893464925,
        0.0004235929150677161,
        -0.0001728106366739828,
        0.0019907351421130383,
        0.0024274426119604,
        -0.0017333574353903438,
        0.00031946872981186047,
        -0.002788114771127527,
        -0.00039849734211679273,
        -0.0002261311612819797,
        -0.0006313476458564559,
        -0.0017333574353903438,
        0.001818533137770572,
        -3.592349766521341e-06,
        0.00203862518018678,
        4.110113545445194e-05,
        -0.0001837997464956131,
        0.0008019110437664539,
        0.00031946872981186047,
        -3.592349766521341e-06,
        0.00025607744683064915,
        -0.00034957015619532295,
        -0.0004945275492662158,
        0.00017428173042192716,
        -0.0022342994893464925,
        -0.002788114771127527,
        0.00203862518018678,
        -0.00034957015619532295,
        0.003228466190436433,
        3.5134962994745686e-05,
        0.00018433471095233767,
        -0.0002132937983774812,
        -0.00013686712487800154,
        -7.260231992182564e-05,
        -4.846247997941096e-06,
        0.00025812529286232966,
        0.00018433471095233767,
        0.0018266244947229657,
        -0.002150124123182364,
        -0.0012410463626320257,
        -0.0007995573535965237,
        -0.00043607958289105245,
        0.002313247164770703,
        -0.0002132937983774812,
        -0.002150124123182364,
        0.0026220283393192712,
        0.0014478634866748469,
        0.001040133506693116,
        0.0006454200087283826,
        -0.0026800866420639623,
        -0.00013686712487800154,
        -0.0012410463626320257,
        0.0014478634866748469,
        0.0009111980284910015,
        0.0004731985299063963,
        0.00016908619855029915,
        -0.0016985980838170388,
        -7.260231992182564e-05,
        -0.0007995573535965237,
        0.001040133506693116,
        0.0004731985299063963,
        0.0005545488696609235,
        0.00044526062679500484,
        -0.0008406951789188453,
        -4.846247997941096e-06,
        -0.00043607958289105245,
        0.0006454200087283826,
        0.00016908619855029915,
        0.00044526062679500484,
        0.0006118511403489165,
        -0.00025522110277591324,
        0.00025812529286232966,
        0.002313247164770703,
        -0.0026800866420639623,
        -0.0016985980838170388,
        -0.0008406951789188453,
        -0.00025522110277591324,
        0.0032204329804515664,
        0.0001351047151324998,
        0.0004579683516196018,
        -0.0001923382178283292,
        -0.00015101022538400926,
        -0.00010290111336247155,
        -3.461007871123442e-05,
        0.0005028240711314114,
        0.0004579683516196018,
        0.0018773937009902322,
        -0.0009483798155333292,
        -0.0005694586919815037,
        -0.0007652501271581142,
        -0.0003164275233990929,
        0.0018252587978117502,
        -0.0001923382178283292,
        -0.0009483798155333292,
        0.0006285380786980683,
        0.00024860296437074396,
        0.0007020796752893167,
        0.00031393979219367357,
        -0.0007278109570393018,
        -0.00015101022538400926,
        -0.0005694586919815037,
        0.00024860296437074396,
        0.00019688371602142818,
        0.0001292341727563604,
        4.781867054619533e-05,
        -0.0006218216316476228,
        -0.00010290111336247155,
        -0.0007652501271581142,
        0.0007020796752893167,
        0.0001292341727563604,
        0.0012211979717574517,
        0.0005302841593128814,
        -0.00022051105977782037,
        -3.461007871123442e-05,
        -0.0003164275233990929,
        0.00031393979219367357,
        4.781867054619533e-05,
        0.0005302841593128814,
        0.0002528206559680127,
        -6.601328104223402e-05,
        0.0005028240711314114,
        0.0018252587978117502,
        -0.0007278109570393018,
        -0.0006218216316476228,
        -0.00022051105977782037,
        -6.601328104223402e-05,
        0.0021181252777187124,
        0.00010662633884602708,
        0.00026005745931115525,
        6.494895228405152e-05,
        -2.854070057242542e-05,
        -2.1620846833403087e-05,
        -0.00012780329598124037,
        0.0003780251775611825,
        0.00026005745931115525,
        0.0007379417152326624,
        0.00015315686120015743,
        -7.901558535594034e-05,
        -0.00010402291473032735,
        -0.0003840269677289048,
        0.0010593335691642274,
        6.494895228405152e-05,
        0.00015315686120015743,
        0.00010343923318048246,
        -2.3157099078876453e-05,
        7.643419400000582e-05,
        -1.4938651539289205e-05,
        0.0002694481879125348,
        -2.854070057242542e-05,
        -7.901558535594034e-05,
        -2.3157099078876453e-05,
        1.9650659502986954e-05,
        -3.7767153829396195e-08,
        3.363815766785869e-05,
        -0.00012382117874366161,
        -2.1620846833403087e-05,
        -0.00010402291473032735,
        7.643419400000582e-05,
        -3.7767153829396195e-08,
        0.00020084916321145622,
        0.00016336352746470936,
        -6.828666925081636e-05,
        -0.00012780329598124037,
        -0.0003840269677289048,
        -1.4938651539289205e-05,
        3.363815766785869e-05,
        0.00016336352746470936,
        0.0002888751320962197,
        -0.0004994078035597201,
        0.0003780251775611825,
        0.0010593335691642274,
        0.0002694481879125348,
        -0.00012382117874366161,
        -6.828666925081636e-05,
        -0.0004994078035597201,
        0.0016271251882428004
    ],