{
    "name": "quat_ds result",
    "K": 4,
    "M": 4,
    "Priors": [
        0.3035,
        0.1465,
        0.28,
        0.27
    ],
    "Mu": [
        0.7538344856012299,
        -0.04588213593688259,
        -0.01836282570501986,
        0.655203178069464,
        0.8970852492894618,
        -0.06319523998734694,
        -0.002955420495862123,
        0.43730502242702246,
        0.9752425331237423,
        -0.03243806027735376,
        0.0019439367557222147,
        0.21873727378231364,
        0.9966916718450862,
        0.004571617509051611,
        0.04553160508901086,
        0.06716907417864595
    ],
    "Sigma": [
        0.0031161397809609842,
        -0.0021690740015990672,
        0.0002878388076848576,
        -0.003717551409785551,
        -0.0021690740015990672,
        0.002055443712096731,
        -1.4792254153303576e-05,
        0.002638418953010666,
        0.0002878388076848576,
        -1.4792254153303576e-05,
        0.00022918287403001853,
        -0.000326061762183749,
        -0.003717551409785551,
        0.002638418953010666,
        -0.000326061762183749,
        0.00446279790162272,
        0.000543516774885557,
        0.00017587654176991267,
        9.779047796982746e-05,
        -0.0010683766085218015,
        0.00017587654176991267,
        0.00035183091510680725,
        0.000440692649225828,
        -0.00030841569521916656,
        9.779047796982746e-05,
        0.000440692649225828,
        0.0007005181233462701,
        -0.00013225538971339433,
        -0.0010683766085218015,
        -0.00030841569521916656,
        -0.00013225538971339433,
        0.002156199046188058,
        0.0003959225661243459,
        0.0003979662755859134,
        0.00022828026115110942,
        -0.0016636515717633202,
        0.0003979662755859134,
        0.0012306095305302945,
        0.0006102170101060656,
        -0.0015987474398017362,
        0.00022828026115110942,
        0.0006102170101060656,
        0.0003629225943525928,
        -0.0009304332072671782,
        -0.0016636515717633202,
        -0.0015987474398017362,
        -0.0009304332072671782,
        0.007198588315937459,
        1.1470695128091593e-05,
        -1.0371897776585715e-05,
        -1.1250270593845928e-06,
        -2.0354440871045934e-05,
        -1.0371897776585715e-05,
        0.00012158771001706829,
        2.469175670663067e-05,
        0.00012957142252362932,
        -1.1250270593845928e-06,
        2.469175670663067e-05,
        1.9752970456321982e-05,
        8.402012995395752e-06,
        -2.0354440871045934e-05,
        0.00012957142252362932,
        8.402012995395752e-06,
        0.00029751614959483067
    ],
    "A": [
        -0.10579787913952564,
        -0.0017675011560563455,
        0.00028293459230879135,
        -0.005459326497185563,
        -0.0018424604384011287,
        -0.021785038357124895,
        0.03950240239718166,
        -0.0009238933210856213,
        -0.0019249145565883872,
        0.017124017119566844,
        -0.061246572157827306,
        -0.0026809585753893935,
        -0.0036919094446136087,
        0.01567440700579917,
        -0.04144492305737098,
        -0.00898600167800892,
        -0.10559320367104888,
        -0.0007268917786425285,
        -0.004042183532192304,
        -0.005576203691521214,
        -0.0010851348262542874,
        -0.05179233247987016,
        0.027953303742838526,
        -0.004381731890049561,
        -0.0038066068354629333,
        0.04541138829652854,
        -0.02864774848090735,
        0.003517516031004671,
        -0.005758820390573397,
        -0.024567331928718725,
        0.007891232697379737,
        -0.011855696418466621,
        -0.10555918334260307,
        -0.0001772182000985157,
        -0.004935699289824237,
        -0.005462036572691279,
        0.00010659839719229561,
        -0.0035447076807922843,
        -0.004968447594959457,
        0.0004552328795568939,
        -0.003306485176328723,
        0.015380255721516963,
        -0.030731436114068193,
        -0.0030328625604865793,
        -0.006769979265822806,
        -0.010886726398948813,
        0.025633694038962682,
        -0.008679738366859861,
        -0.10565009468194464,
        0.0006994207410822445,
        -0.003938944979438763,
        -0.004692341073378816,
        -0.006974248681767429,
        -0.07607637625053913,
        0.10950599547669043,
        0.0332150820543357,
        -0.0005819292374156713,
        0.012764212748730967,
        -0.0981758073210825,
        0.00357520313137602,
        -0.007253390081255691,
        -0.022863770896554156,
        0.060392984566290074,
        -0.02788539199405729
    ],
    "att": [
        0.9973000128172826,
        0.0009309608154635629,
        0.04587025127910622,
        0.05733879833236514
    ]
}