{
    "name": "DAMM result",
    "K": 2,
    "M": 3,
    "Priors": [
        0.3906810035842294,
        0.6093189964157706
    ],
    "Mu": [
        0.4124014987297396,
        -0.5774568287332679,
        0.5290716021848155,
        0.4871728210036966,
        -0.2488242338576457,
        0.3592901271594818
    ],
    "Sigma": [
        0.005076894781698351,
        0.0,
        0.0,
        0.0,
        0.005076894781698351,
        0.0,
        0.0,
        0.0,
        0.005076894781698351,
        0.006698044000672022,
        0.0001678158986047441,
        1.851361368858145e-05,
        0.00016781589860474398,
        0.007687879804506403,
        -0.0010667162238157304,
        1.8513613688581432e-05,
        -0.0010667162238157304,
        0.008840795216191542
    ],
    "Prior": [
        0.6093189964157706,
        0.3906810035842294
    ],
    "A": [
        -0.3914594183084116,
        -0.11081993183494511,
        0.1534535662635238,
        -0.11081993183494511,
        -0.6956914249449853,
        0.142142318448659,
        0.1534535662635238,
        0.142142318448659,
        -0.6182385708445951,
        -1.1466860650412405,
        0.9428423559380466,
        -1.3710552298983731,
        0.39004609073291674,
        -0.7601776740014492,
        0.6845198517319484,
        0.25328799821828424,
        -0.7923800946805533,
        0.27771966372907464
    ],
    "b": [
        0.016256799387371557,
        0.5641223440424501,
        -0.43123292375798966,
        -0.40857358288468504,
        0.34588903998408876,
        0.8137723073759917
    ],
    "attractor": [
        0.4124014987297396,
        -0.5774568287332679,
        0.5290716021848155
    ],
    "att_all": [
        0.4124014987297396,
        -0.5774568287332679,
        0.5290716021848155
    ],
    "dt": 0.041579771635935694,
    "gripper_open": 0
}