{
    "name": "DAMM result",
    "K": 2,
    "M": 3,
    "Priors": [
        0.3924731182795699,
        0.6075268817204301
    ],
    "Mu": [
        0.4874716275235092,
        -0.2480769495962924,
        0.3595732641721892,
        0.4414072007748722,
        -0.4911801112316192,
        0.5317948469811553
    ],
    "Sigma": [
        5.255965738892625e-05,
        0.0001421237056383473,
        -7.104364522784713e-05,
        0.0001421237056383473,
        0.002361984541570699,
        -0.003797519722735905,
        -7.104364522784713e-05,
        -0.003797519722735905,
        0.007050429989613006,
        0.00040276938586747445,
        0.0014002131255511398,
        -0.00022726508642326504,
        0.0014002131255511398,
        0.004965104739795018,
        -0.0009228970996000256,
        -0.00022726508642326504,
        -0.0009228970996000256,
        0.0003908020112433574
    ],
    "A": [
        -0.3885225466568164,
        -0.10993639526495155,
        0.150036928146608,
        -0.10993639526495155,
        -0.6939050237033869,
        0.14303998773170887,
        0.150036928146608,
        0.14303998773170887,
        -0.6160797062400144,
        -1.149715383190768,
        0.9340209272545341,
        -1.373892031195518,
        0.39071175074089026,
        -0.7582551934005076,
        0.685269025942714,
        0.25347508894125853,
        -0.7922430082831871,
        0.27783704414470584
    ],
    "b": [
        0.017363479508864372,
        0.5656570448071304,
        -0.4310406574569536,
        -0.40389799148704014,
        0.34667423800755237,
        0.815312721621041
    ],
    "attractor": [
        0.4124014987297396,
        -0.5774568287332679,
        0.5290716021848155
    ],
    "att_all": [
        0.4124014987297396,
        -0.5774568287332679,
        0.5290716021848155
    ],
    "dt": 0.041579771635935694,
    "gripper_open": 0
}